[
  {
    "id": "4b6c10cb-64e0-4541-9798-f8b6a918f5ca",
    "data": [
      {
        "text": "한식",
        "alias": "restaurant",
        "meta": "@restaurant",
        "userDefined": false
      }
    ],
    "isTemplate": false,
    "count": 0,
    "updated": 0
  },
  {
    "id": "8ad60478-2c99-43b4-8994-8c1a503df362",
    "data": [
      {
        "text": "응, ",
        "userDefined": false
      },
      {
        "text": "한식",
        "alias": "restaurant",
        "meta": "@restaurant",
        "userDefined": false
      }
    ],
    "isTemplate": false,
    "count": 0,
    "updated": 0
  }
]