[
  {
    "id": "6b1eb783-b456-4f0e-947a-a101e9969017",
    "data": [
      {
        "text": "응",
        "userDefined": false
      }
    ],
    "isTemplate": false,
    "count": 1,
    "updated": 0
  },
  {
    "id": "2ca80245-6fa1-4fa2-a84e-9fb508931eda",
    "data": [
      {
        "text": "좋아",
        "userDefined": false
      }
    ],
    "isTemplate": false,
    "count": 1,
    "updated": 0
  },
  {
    "id": "90b6ae4e-c52e-46ec-b682-43849b322ff1",
    "data": [
      {
        "text": "해",
        "userDefined": false
      }
    ],
    "isTemplate": false,
    "count": 1,
    "updated": 0
  },
  {
    "id": "7c16ef0a-5d0b-44b1-b961-db33e4da2446",
    "data": [
      {
        "text": "바로 그거야",
        "userDefined": false
      }
    ],
    "isTemplate": false,
    "count": 2,
    "updated": 0
  },
  {
    "id": "641245e0-f0d6-459a-b09b-8375e7d9012c",
    "data": [
      {
        "text": "물론",
        "userDefined": false
      }
    ],
    "isTemplate": false,
    "count": 2,
    "updated": 0
  },
  {
    "id": "0c2e4ee7-2154-4206-b849-05d8fa1416a0",
    "data": [
      {
        "text": "그래",
        "userDefined": false
      }
    ],
    "isTemplate": false,
    "count": 0,
    "updated": 0
  }
]