[
  {
    "id": "4ca1f4cf-d482-40d7-a5e4-6023d0044490",
    "data": [
      {
        "text": "중식",
        "alias": "restaurant",
        "meta": "@restaurant",
        "userDefined": false
      }
    ],
    "isTemplate": false,
    "count": 0,
    "updated": 0
  },
  {
    "id": "5448acd5-b974-4471-abb4-202efdd48eda",
    "data": [
      {
        "text": "응, ",
        "userDefined": false
      },
      {
        "text": "중식",
        "alias": "restaurant",
        "meta": "@restaurant",
        "userDefined": false
      }
    ],
    "isTemplate": false,
    "count": 0,
    "updated": 0
  }
]