[
  {
    "id": "2562267c-d6d9-4e99-8232-bbcc39695cbc",
    "data": [
      {
        "text": "일식",
        "alias": "restaurant",
        "meta": "@restaurant",
        "userDefined": false
      }
    ],
    "isTemplate": false,
    "count": 0,
    "updated": 0
  },
  {
    "id": "43da2cda-4562-4e39-8361-d740c180b647",
    "data": [
      {
        "text": "응, ",
        "userDefined": false
      },
      {
        "text": "일식",
        "alias": "restaurant",
        "meta": "@restaurant",
        "userDefined": false
      }
    ],
    "isTemplate": false,
    "count": 0,
    "updated": 0
  }
]