[
  {
    "id": "3444266d-ec77-48b2-a9d6-ec2eac54991e",
    "data": [
      {
        "text": "노",
        "userDefined": false
      }
    ],
    "isTemplate": false,
    "count": 0,
    "updated": 0
  },
  {
    "id": "d9094ac7-071a-4b4e-ade7-0279d19e3db1",
    "data": [
      {
        "text": "놉",
        "userDefined": false
      }
    ],
    "isTemplate": false,
    "count": 0,
    "updated": 0
  },
  {
    "id": "1b632769-36bc-46e8-bd7c-68e0b3b6a43d",
    "data": [
      {
        "text": "아니",
        "userDefined": false
      }
    ],
    "isTemplate": false,
    "count": 3,
    "updated": 0
  }
]