[
  {
    "id": "18b26ee3-6f8e-4153-951b-55a19cb0536c",
    "data": [
      {
        "text": "문서가 어디있더라?",
        "userDefined": false
      }
    ],
    "isTemplate": false,
    "count": 0,
    "updated": 0
  },
  {
    "id": "8ba42802-27e2-4255-ab12-fa9d22f7939f",
    "data": [
      {
        "text": "문서",
        "userDefined": false
      }
    ],
    "isTemplate": false,
    "count": 0,
    "updated": 0
  },
  {
    "id": "ea5afa29-640e-4f63-8d1c-8f3c7fb39919",
    "data": [
      {
        "text": "문서 주소",
        "userDefined": false
      }
    ],
    "isTemplate": false,
    "count": 0,
    "updated": 0
  }
]