[
  {
    "value": "랭크",
    "synonyms": [
      "랭",
      "랭쿠",
      "랭쿠배",
      "랭쿠배틀",
      "랭크",
      "랭크배",
      "랭크배틀"
    ]
  },
  {
    "value": "리그",
    "synonyms": [
      "리구",
      "리구배",
      "리구배틀",
      "리그",
      "리그배",
      "리그배틀"
    ]
  },
  {
    "value": "연어런",
    "synonyms": [
      "살먼",
      "살먼런",
      "살몬",
      "살몬런",
      "연어",
      "연어런",
      "쿠마상"
    ]
  },
  {
    "value": "터프워",
    "synonyms": [
      "나와바리",
      "일반전",
      "터프워"
    ]
  }
]